,name,price,img_url,detail,flavor
0,かむほど旨いたこ燻製,398,https://www.family.co.jp/content/dam/family/goods/5013234.jpg,国産水たこを使用した、噛むほどにたこの旨みと燻製の香りを感じる味わいです。,3
1,しっとり食感のご褒美ソフトチョコクッキー,168,https://www.family.co.jp/content/dam/family/goods/4821939.jpg,マカダミア、アーモンド、ココナッツ3種類の素材を使用した、濃厚なチョコ風味としっとり食感が特徴のソフトクッキーです。,1
2,カンロ　4Dグミ　モンキーバナナ,198,https://www.family.co.jp/content/dam/family/goods/4727439.jpg,モンキー型はコーラ味、バナナ型はバナナ味の味わいが楽しめる立体型グミです。,1
3,森永　大粒ラムネ　うめソルト味,140,https://www.family.co.jp/content/dam/family/goods/4729402.jpg,粒の大きさが通常の約1.5倍の大粒ラムネです。ほんのり塩味と甘酸っぱいうめの味わいが楽しめます。,3
4,パイン　塩スイカアメ,178,https://www.family.co.jp/content/dam/family/goods/4733850.jpg,熊本県産のスイカ果汁を使用した、ちょっぴり塩味のきいた、ジューシーなスイカ味のキャンディです。パインアメシリーズです。,3
5,コリコリとした食感のいかなんこつ,321,https://www.family.co.jp/content/dam/family/goods/5011667.jpg,まろやかな甘酢仕立てのいかなんこつ、甘みと酸味のバランスが楽しめます。,3
6,山芳　ポテトチップスわさわさわさビーフ,168,https://www.family.co.jp/content/dam/family/goods/4912736.jpg,食べ進めるごとにやみつきになる味わいのわさビーフ史上わさび量最大の刺激と旨さが感じられるポテトチップスです。,3
7,ちぎって旨いのしいか,378,https://www.family.co.jp/content/dam/family/goods/5010325.jpg,国産いか魚醤を使用した、ちぎって食べられるのしいかです。,1
8,三立製菓　バナナなチョコバット,54,https://www.family.co.jp/content/dam/family/goods/4752196.jpg,駄菓子の定番「チョコバット」の新フレーバー、チョコバナナ味です。食べやすいスティックタイプのチョコバットにバナナクリームが入った特別なチョコバットです。,1
9,香ばしアーモンド仕立てご褒美キャラメルポップコーン,168,https://www.family.co.jp/content/dam/family/goods/4822820.jpg,キャラメルの甘さとアーモンドの香ばしい味わいの食べごたえのあるガリザク食感のポップコーンです。,1
10,ココアパウダーで仕上げたご褒美濃厚ティラミスチョコ,198,https://www.family.co.jp/content/dam/family/goods/4822837.jpg,マスカルポーネチーズパウダー配合のホワイトチョコでアーモンドをコーティングし、表面をココアパウダーで仕上げたティラミス風味のチョコです。,3
11,森永　ポテロングコクうま燻製チーズ味,151,https://www.family.co.jp/content/dam/family/goods/4920649.jpg,サクサクとした食感が特徴の「ポテロング」です。軽い食感と香り高い濃い燻製チーズ味が絶妙にマッチした味わいが楽しめます。,2
12,あとひく辛さカラマヨイーカミニ,118,https://www.family.co.jp/content/dam/family/goods/5010752.jpg,さくさく食感のイカフライをピリ辛なマヨネーズ風味に仕上げました。,2
13,すっきりとした酸味ひとくちカリカリ梅　大袋,320,https://www.family.co.jp/content/dam/family/goods/4723455.jpg,丁寧に種を抜いたひとくちサイズの梅を個包装にしました。1個ずつ個包装された大袋タイプです。,2
14,伯方の塩仕立て三陸産茎わかめ　大袋,320,https://www.family.co.jp/content/dam/family/goods/4723844.jpg,伯方の塩であっさりうす塩味に仕上げた、シャキシャキ食感の茎わかめです。1個ずつ個包装された大袋タイプです。,3
15,カリッと食感のバナナチップス,198,https://www.family.co.jp/content/dam/family/goods/4729990.jpg,ココナッツオイルで味付けした、カリッとした食感が楽しめるバナナチップスです。,1
16,ばかうけ濃厚4種のチーズ味,108,https://www.family.co.jp/content/dam/family/goods/4822806.jpg,エメンタール、カマンベール、ゴーダ、ブルーチーズの4種を使用した濃厚な味わいです。,3
17,素材のおいしさそのまま瀬戸内レモンピール,180,https://www.family.co.jp/content/dam/family/goods/4728788.jpg,瀬戸内レモンの果皮を使用した、素材のおいしさをそのまま味わっていただける、添加物不使用のレモンピールです。,1
18,ドラゴンポテトしおバター味,108,https://www.family.co.jp/content/dam/family/goods/4822738.jpg,くせになる独特な食感としおバター味が特徴のクルクル立体形状のポテトスナックです。,3
19,スコーンやみつきバーベキュー,108,https://www.family.co.jp/content/dam/family/goods/4822745.jpg,カリッとサクッとした軽い食感が特徴の濃厚なバーベキュー味のスコーンです。,3
20,ベビースタードデカイラーメンチキン味,108,https://www.family.co.jp/content/dam/family/goods/4822752.jpg,大きくて食べやすい幅広麺タイプのベビースターです。,3
21,明治ガム　アーモンドドラジェ濃厚チーズ味,189,https://www.family.co.jp/content/dam/family/goods/5021840.jpg,ローストアーモンドに濃厚なチーズ味の糖衣をコーティングした商品です。,1
22,チョコがたっぷり入ったチョコシュー,108,https://www.family.co.jp/content/dam/family/goods/4821106.jpg,サクサクのシューで包み込んだ一口サイズのチョコシューです。,1
23,ひとくちサイズのノアールミニ,108,https://www.family.co.jp/content/dam/family/goods/4822714.jpg,ココア風味のビスケットとバニラクリームの甘みが絶妙にマッチしたおいしさです。,1
24,サクサクか～るいカレースナック,108,https://www.family.co.jp/content/dam/family/goods/4822684.jpg,隠し味にりんごとハチミツを使用したまろやかなカレー味です。,3
25,サクサク厚切りポテト塩とごま油味,213,https://www.family.co.jp/content/dam/family/goods/4822691.jpg,焙煎ごま油を使用した、香ばしい香りと程よい塩味がきいた厚切りのポテトチップスです。,3
26,豊かな海鮮の旨み7種の海鮮ミックス,108,https://www.family.co.jp/content/dam/family/goods/4822615.jpg,7種をミックスした海鮮せんべいのアソートです。,3
27,堅揚げのポテトチップス絶品うすしお味,138,https://www.family.co.jp/content/dam/family/goods/4821083.jpg,くちどけのことなる2種の塩を使用し、 美味しく仕上げたカリカリ食感のポテトチップスです。,3
28,こだわりの手割り醤油せん,128,https://www.family.co.jp/content/dam/family/goods/4822608.jpg,国産うるち米100%、超特選たまり醤油を使用し、手割りしたこだわりのせんべいです。,3
29,えんどう豆スナック濃厚ガーリックバター味,108,https://www.family.co.jp/content/dam/family/goods/4820581.jpg,波型形状が見た目も楽しい、ザクザクの食感と濃厚なコクがくせになる味わいのスナックです。,3
30,ツンとした辛さがクセになるわさび柿ピー,138,https://www.family.co.jp/content/dam/family/goods/5021819.jpg,安曇野産わさびから作った粉末わさびと本醸造醤油を使用したわさび味の柿ピーです。,2
31,シビれる辛さがクセになる麻辣花生,138,https://www.family.co.jp/content/dam/family/goods/5020522.jpg,花椒がきいた麻辣ピーに輪切り唐辛子をミックスしました。,2
32,8種類のおいしさ和菓子ミックス,298,https://www.family.co.jp/content/dam/family/goods/4821908.jpg,どら焼やまんじゅうなど人気の和菓子8種類を詰め合わせたアソートタイプの大袋です。,1
33,亀田　技のこだ割り　梅味,140,https://www.family.co.jp/content/dam/family/goods/5032099.jpg,堅焼煎餅をわざと砕き、特製醤油だれを3度しみ込ませた「技のこだ割り」の梅味です。紀州産南高梅の乾燥梅肉を使用しています。,2
34,やみつきポテトうまみ塩味,158,https://www.family.co.jp/content/dam/family/goods/4820321.jpg,赤穂の天塩を100％使用したやみつきになる美味しさのおつまみスナックです。,3
35,かぶりつきカルパス　プレーン,103,https://www.family.co.jp/content/dam/family/goods/5010028.jpg,肉の旨みを強く出しながらも、あっさりとした味わいです。,3
36,こんがり揚げたカリッとぎんなん,180,https://www.family.co.jp/content/dam/family/goods/5012725.jpg,宮古島産雪塩を使用したカリっとした食感でぎんなんの風味とほどよい塩味がクセになる味わいです。,3
37,こんがり揚げたカリッとにんにく,158,https://www.family.co.jp/content/dam/family/goods/5012732.jpg,宮古島産雪塩を使用したカリっとした食感でにんにくの風味とほどよい塩味がクセになる味わいです。,2
38,かぶりつきカルパス　辛口,103,https://www.family.co.jp/content/dam/family/goods/5012756.jpg,肉の旨みを強く出しながらも、ピリッと辛い味わいです。,2
39,2つの美味しさフィッシュ&チップス風スナック,138,https://www.family.co.jp/content/dam/family/goods/4820185.jpg,イギリスの代表料理である「フィッシュ&チップス」をイメージした商品です。,3
40,すっきりとした酸味ひとくちカリカリ梅,158,https://www.family.co.jp/content/dam/family/goods/4727347.jpg,丁寧に種を抜いたひとくちサイズの梅です。,2
41,しっとり食感ガトーショコラ風チョコ,138,https://www.family.co.jp/content/dam/family/goods/4821878.jpg,ココアクッキーにチョコ生地をかけたガトーショコラ風菓子です。,1
42,バターの芳醇な香りご褒美バターパイ,168,https://www.family.co.jp/content/dam/family/goods/4821830.jpg,ヨーロッパ産発酵バターを使ったサクサク食感のパイです。,1
43,至福のザクザク食感ご褒美ミルフィーユ,168,https://www.family.co.jp/content/dam/family/goods/4821847.jpg,ミルフィーユ状にじっくり焼き上げたザクザク食感です。,1
44,厳選10種のおつまみミックス,108,https://www.family.co.jp/content/dam/family/goods/4822097.jpg,おつまみでも、お茶うけでも楽しめるバラエティ豊かな味わいです。,3
45,素材の旨み皮つきさきいか　大袋,321,https://www.family.co.jp/content/dam/family/goods/5012657.jpg,下味をつけたいかを高温で香ばしく焼き上げたさきいかです。,3
46,風味が豊かなチーズ鱈(R)　大袋,321,https://www.family.co.jp/content/dam/family/goods/5012671.jpg,チェダーチーズとサムソーチーズの2種類のチーズを使用しました。,3
47,沖縄の塩シママース使用ソフト塩せんべい,118,https://www.family.co.jp/content/dam/family/goods/4821731.jpg,ソフトな食感とさっぱりとした塩味で仕上げたソフトせんべいです。,3
48,サクッとおいしい玄米おこげせん,108,https://www.family.co.jp/content/dam/family/goods/4821748.jpg,醸造濃口醤油、焦がし醤油、たまり醤油の3種の醤油を使用した濃厚な味わいです。,3
49,海老の風味豊かなえび満月,108,https://www.family.co.jp/content/dam/family/goods/4821755.jpg,厳選したえび粉をプラスしたえび満月です。,3
50,一口サイズのやわらかイカフライ,321,https://www.family.co.jp/content/dam/family/goods/5012633.jpg,するめの胴部分のみを使用し揚げたソフトタイプのイカフライです。,3
51,素材の風味を活かした炙りいかそうめん　大袋,321,https://www.family.co.jp/content/dam/family/goods/5012640.jpg,いかの耳のみを使用したほんのり甘い味付けのいかそうめんの大袋タイプです。,3
52,ピリ辛が後を引く焼きかまぼこ　大袋,321,https://www.family.co.jp/content/dam/family/goods/5012695.jpg,唐辛子の辛さが後を引くピリ辛焼きかまぼこの大袋タイプです。,2
53,三立製菓　チョコバットプレミアム　ほろにがチョコ&アーモンドプラリネ,54,https://www.family.co.jp/content/dam/family/goods/4751236.jpg,コーヒーで大人の甘さに仕上げ、散りばめたアーモンドプラリネの食感も楽しめるプレミアムなチョコバットです。,1
54,風味が豊かなチーズ鱈(R),138,https://www.family.co.jp/content/dam/family/goods/5012664.jpg,チェダーチーズとサムソーチーズの2種類のチーズを使用しました。,3
55,スパイシーなビーフジャーキー,138,https://www.family.co.jp/content/dam/family/goods/5012688.jpg,黒コショウをきかせ、隠し味に醤油を使用した歯切れのよいビーフジャーキーです。,2
56,こだわりのうに揚げせん,128,https://www.family.co.jp/content/dam/family/goods/4821984.jpg,国産米100%使用、タレに生うにを贅沢に使用した濃厚な味わいです。,3
57,こだわりの黒豆おかき,128,https://www.family.co.jp/content/dam/family/goods/4821724.jpg,国産もち米100%使用、北海道産黒豆100%使用した香ばしい豆の香りが味わえるおかきです。,1
58,こだわりのあられ塩味,128,https://www.family.co.jp/content/dam/family/goods/4821946.jpg,国産米100%使用、赤穂の塩などを加えたバランスの良い味わいです。,3
59,こだわりのあられ醤油味,128,https://www.family.co.jp/content/dam/family/goods/4821953.jpg,国産米100%使用、3種の醤油をブレンドして味付けしました。,3
60,こだわりの揚げ餅塩味,128,https://www.family.co.jp/content/dam/family/goods/4821960.jpg,国産米を100%使用、長崎県五島灘の塩を使用したサクッとやわらかな食感です。,3
61,ポテトチップスはちみつバター味,108,https://www.family.co.jp/content/dam/family/goods/4821694.jpg,北海道製造バターを100%使用した濃厚で贅沢な甘じょっぱい味わいです。,1
62,カリッと香ばしいアーモンドチョコレート,198,https://www.family.co.jp/content/dam/family/goods/4821779.jpg,カリッと焼き上げたアーモンドをチョコでコーティングした商品です。,1
63,コク深い味わいマカダミアナッツチョコレート,198,https://www.family.co.jp/content/dam/family/goods/4821786.jpg,マカダミアナッツにチョコをコーティングした甘くコク深い味わいです。,1
64,濃厚な味わいピスタチオチョコレート,198,https://www.family.co.jp/content/dam/family/goods/4821793.jpg,濃厚な味わいのピスタチオをチョコでコーティングした香ばしい味わいのチョコレートです。,2
65,アーモンド、ヘーゼルナッツ使用2種ナッツのクランチチョコ,198,https://www.family.co.jp/content/dam/family/goods/4821809.jpg,アーモンド、ヘーゼルナッツの2種類を使用した商品です。,1
66,スッキリとした苦味珈琲ビーンズチョコレート,198,https://www.family.co.jp/content/dam/family/goods/4821816.jpg,ローストした珈琲ビーンズにチョコをコーティングしたスッキリとした苦みのチョコレートです。,2
67,香ばしい味わいくるみチョコレート,198,https://www.family.co.jp/content/dam/family/goods/4821823.jpg,アメリカ産のクルミをチョコでコーティングした香ばしい味わいのチョコレートです。,1
68,吉村甘露堂　海苔巻おかき,198,https://www.family.co.jp/content/dam/family/goods/5032297.jpg,風味豊かな有明産海苔を使用した海苔巻おかきです。国産米100%使用しています。,3
69,アレンジいろいろふわもちマシュマロ,108,https://www.family.co.jp/content/dam/family/goods/4821588.jpg,色々なアレンジも楽しめる、丸くてかわいいマシュマロです。,1
70,とんがりcornあっさり塩,108,https://www.family.co.jp/content/dam/family/goods/4821595.jpg,カリッとはじける香ばしさが楽しめます。,3
71,ポップコーン濃厚キャラメル味,149,https://www.family.co.jp/content/dam/family/goods/4821144.jpg,イタリア産キャラメルソースとフランス産岩塩を使用しました。,1
72,厚切りポテトチップスサワークリームオニオン味,138,https://www.family.co.jp/content/dam/family/goods/4821014.jpg,程よい酸味と濃厚クリーミーなコクが味わえます。,3
73,人気4種のおつまみアソート,398,https://www.family.co.jp/content/dam/family/goods/5011681.jpg,さきいか、ドライソーセージ、チータラ、チーズかまぼこを詰め合わせました。,1
74,6種の味わいミックスナッツ,320,https://www.family.co.jp/content/dam/family/goods/5020492.jpg,食べきりサイズの小分けタイプです。,3
75,塩と油を使っていない4種のミックスナッツ,320,https://www.family.co.jp/content/dam/family/goods/5020485.jpg,アーモンド、カシューナッツ、マカダミアナッツ、クルミの4種です。,3
76,人気のナッツをセレクトミックスナッツ,320,https://www.family.co.jp/content/dam/family/goods/5020508.jpg,アーモンド、カシューナッツ、クルミ、マカダミアナッツの4種です。,3
77,みりんの旨み濃厚えび大判焼き,108,https://www.family.co.jp/content/dam/family/goods/4820758.jpg,みりんとカツオの風味が香る醤油ダレを使用しました。,3
78,スナックコンボステーキ&ペッパー味,213,https://www.family.co.jp/content/dam/family/goods/4820734.jpg,コーンスナックとポップコーンが一緒に味わえるスナックです。,2
79,完熟ドライみかん,180,https://www.family.co.jp/content/dam/family/goods/4724001.jpg,ドールが選んだ素材を使ったドライフルーツです。,1
80,ミルクとココアのミニクッキー,108,https://www.family.co.jp/content/dam/family/goods/4821182.jpg,ミルク味とココア味の2色のクッキーです。,1
81,素材の旨みを凝縮皮つき鮭とば,408,https://www.family.co.jp/content/dam/family/goods/5010622.jpg,手作業で吊るして乾燥させ、素材の旨みを凝縮した商品です。,3
82,バナナチップチョコ,149,https://www.family.co.jp/content/dam/family/goods/4821175.jpg,バナナチップをなめらかなチョコレートでコーティングした商品です。,1
83,ごま油の風味豊かないか天&のり天,108,https://www.family.co.jp/content/dam/family/goods/5011759.jpg,するめと瀬戸内産海苔をサクッと揚げてミックスしました。,3
84,トルティーヤチップス　スパイシータコス味,108,https://www.family.co.jp/content/dam/family/goods/4821243.jpg,5種類のスパイスを使用したタコス味があとひく美味しさです。,2
85,ちいさなオールレーズン,118,https://www.family.co.jp/content/dam/family/goods/4821250.jpg,芳醇なレーズンのおいしさをギュッとつめ込みました。,1
86,か～るいチーズスナック,108,https://www.family.co.jp/content/dam/family/goods/4821236.jpg,6種のチーズを使用した、濃厚でサクサク軽い食感です。,3
87,じゃがスティックあっさりうま塩味,108,https://www.family.co.jp/content/dam/family/goods/4820628.jpg,サクッと軽い食感のじゃがいもスナックです。,3
88,サクサク食感のプレーンビスケット,108,https://www.family.co.jp/content/dam/family/goods/4820642.jpg,ほんのりとした甘みが美味しい飽きのこない味わいです。,1
89,とろける食感のキャラメルコーン,108,https://www.family.co.jp/content/dam/family/goods/4820192.jpg,ふわっと広がるやさしい甘さです。,1
90,ポリンキー濃いめんたい味,108,https://www.family.co.jp/content/dam/family/goods/4820208.jpg,たらこの濃厚な旨みにピリッと唐辛子のきいた商品です。,2
91,オー・ザック　コク旨バーベキュー味,108,https://www.family.co.jp/content/dam/family/goods/4820215.jpg,濃厚なバーベキューの味わいに仕上げました。,3
92,直火で焼き上げた胡麻せんべい,108,https://www.family.co.jp/content/dam/family/goods/4820260.jpg,直火で焼き上げたひとくちサイズの胡麻せんべいです。,3
93,6種類のおいしさビスケット&ケーキアソート,298,https://www.family.co.jp/content/dam/family/goods/4820352.jpg,人気の焼菓子をアソートしました。,1
94,8種類のおいしさチョコレートアソート,268,https://www.family.co.jp/content/dam/family/goods/4820468.jpg,8種類のチョコが入った、バラエティ豊かなアソートです。,1
95,ひとくちサイズのミルクチョコレート,268,https://www.family.co.jp/content/dam/family/goods/4820475.jpg,なめらかな口どけのミルクチョコレートを大容量でお楽しみいただけます。,1
96,ひねり揚げ濃厚海老だし味,108,https://www.family.co.jp/content/dam/family/goods/4820239.jpg,深く香ばしい海老のだし塩と、隠し味の味噌のコクが広がります。,3
97,チョコマシュマロ,108,https://www.family.co.jp/content/dam/family/goods/4820505.jpg,口どけなめらかなチョコクリームをふんわりマシュマロで包みました。,1
98,ミニルマンド,108,https://www.family.co.jp/content/dam/family/goods/4820529.jpg,サクッと香ばしいクレープクッキーです。,1
99,ポテトチップス　濃厚コンソメ味,108,https://www.family.co.jp/content/dam/family/goods/4820130.jpg,チキンの旨みをきかせたコク深い味わいです。,3
100,肉の旨みがクセになるジャッキーカルパス,311,https://www.family.co.jp/content/dam/family/goods/5010172.jpg,ジューシーでスパイシーなドライソーセージです。,2
101,完熟ドライマンゴー,180,https://www.family.co.jp/content/dam/family/goods/4721789.jpg,ドールが選んだ素材を使ったドライフルーツです。,1
102,完熟ドライパイナップル,180,https://www.family.co.jp/content/dam/family/goods/4721970.jpg,ドールが選んだ素材を使ったドライフルーツです。,1
103,サッポロポテトバーベQあじ,108,https://www.family.co.jp/content/dam/family/goods/4820048.jpg,チキン&ビーフの奥深い肉の旨みが楽しめるスナックです。,3
104,濃厚な海老の風味　ふわっと揚げ,108,https://www.family.co.jp/content/dam/family/goods/4820222.jpg,口どけやわらかなお米のチップスです。,3
105,スパイシーでコク深い濃厚カレーせん,108,https://www.family.co.jp/content/dam/family/goods/4820307.jpg,10種類の香辛料がきいたカレーせんべいです。サクッと軽い食感で、食べやすいサイズです。,2
106,北海道産昆布を使用おしゃぶり昆布紀州梅,138,https://www.family.co.jp/content/dam/family/goods/4721635.jpg,ほんのり梅味のするおしゃぶり昆布です。食物繊維、カルシウムが豊富です。,2
107,バニラクリームサンドクラッカー,118,https://www.family.co.jp/content/dam/family/goods/4820345.jpg,バニラクリームの甘みとクラッカーの塩味が絶妙なバランスです。,1
108,えんどう豆100%使用えんどう豆スナック,108,https://www.family.co.jp/content/dam/family/goods/4820017.jpg,素材のおいしさそのままのうま塩味です。,1
109,ひとくちサイズのチョコチップクッキー,108,https://www.family.co.jp/content/dam/family/goods/4820338.jpg,たっぷりチョコチップを練り込んだクッキーです。,1
110,こんがり香ばしい焼きえいひれ,216,https://www.family.co.jp/content/dam/family/goods/5010165.jpg,食べやすい短冊状カットの香ばしい焼きえいひれです。,3
111,紀州南高梅の梅酢仕立て三陸産茎わかめ,158,https://www.family.co.jp/content/dam/family/goods/4720270.jpg,まろやかな伯方の塩と紀州南高梅酢で仕上げました。シャキシャキした食感が特徴です。,2
112,瀬戸内海産小魚を使用アーモンド小魚,128,https://www.family.co.jp/content/dam/family/goods/4720683.jpg,ごま付の瀬戸内海産小魚と細切りアーモンドをミックスしました。カルシウムとマグネシウムが豊富です。,3
113,スーパーおっとっとうすしお味,108,https://www.family.co.jp/content/dam/family/goods/4820000.jpg,ノンフライ製法で軽い食感に仕上げました。,3
114,かむほど旨いあたりめ,138,https://www.family.co.jp/content/dam/family/goods/5011391.jpg,するめいかを乾燥させ、旨みを引き出したあたりめです。,3
115,かむほど旨い焼きするめげそ,138,https://www.family.co.jp/content/dam/family/goods/5011407.jpg,さっと焼き、香ばしく仕上げた焼きするめげそです。かむほどに素材の旨みが広がる一品です。,3
116,二度焼き醤油せんべい,108,https://www.family.co.jp/content/dam/family/goods/4823193.jpg,醤油の香ばしさ広がる直火二度焼き製法のせんべいです。,3
117,ベビースターラーメン丸香ばしチキン味,108,https://www.family.co.jp/content/dam/family/goods/4824077.jpg,ひとくちサイズで食べやすいベビースターラーメンです。チキン味です。,3
118,ピリッと辛いあらびきスライスサラミ,410,https://www.family.co.jp/content/dam/family/goods/5011001.jpg,豚肉と牛肉をあらびきにし、時間をかけてゆっくり乾燥させたピリッと辛いサラミソーセージです。,2
119,なげわうま塩味,108,https://www.family.co.jp/content/dam/family/goods/4824053.jpg,ほどよい塩加減とじゃがいものおいしさが味わえる、サクサク軽い食感のポテトリングスナックです。,3
120,チョコを味わうコーンチョコ,108,https://www.family.co.jp/content/dam/family/goods/4820970.jpg,サクッと軽い食感のコーンパフに、甘くてくちどけのよいミルクチョコレートをコーティングした一品です。,1
121,ポテトチップス濃いめのり塩,108,https://www.family.co.jp/content/dam/family/goods/4824206.jpg,青のりとあおさの濃い風味に、塩をきかせたコクのある味わいに仕上げたポテトチップスです。,3
122,昔ながらのおいしさひとくち歌舞伎揚,108,https://www.family.co.jp/content/dam/family/goods/4823285.jpg,サクッと揚げたひとくちサイズのお煎餅を、濃厚でコクのある甘口醤油で味付けした一品です。,3
123,波型厚切りポテトチップスうましお味,213,https://www.family.co.jp/content/dam/family/goods/4824138.jpg,波型にカットした厚切りポテトの心地よい食感が楽しめる一品です。「天日塩」を使用しました。,3
124,波型厚切りポテトチップスのりしお味,213,https://www.family.co.jp/content/dam/family/goods/4824152.jpg,波型にカットした厚切りポテトの心地よい食感が楽しめる一品です。有明海産のりを100%使用しました。,3
125,ポテトチップス絶品うすしお味,108,https://www.family.co.jp/content/dam/family/goods/4824121.jpg,フランス産岩塩と瀬戸内産海塩を使用したポテトチップスです。口どけの異なる2種の塩で仕上げた絶品のおいしさを楽しめる一品です。,3
126,深煎りピーナッツのピーナッツチョコ,108,https://www.family.co.jp/content/dam/family/goods/4820963.jpg,深煎りピーナッツを使用することで、香ばしい味わいに仕立てました。チョコレートとピーナッツを組み合わせた、ひとくちサイズのチョコレートです。,1
127,まろやかな酸味ひとくちカリカリ梅,158,https://www.family.co.jp/content/dam/family/goods/4724155.jpg,まろやかな酸味に仕上げた、カリカリ梅です。ひとつひとつ丁寧に種を抜いた食べやすいひとくちサイズです。,2
128,香ばしく焼き上げたきあたりめ,321,https://www.family.co.jp/content/dam/family/goods/5010097.jpg,するめを香ばしく焼き上げて、食べやすく裂いたあたりめです。お好みでマヨネーズをつけて、ひとあじ違う味わいを楽しめる一品です。,3
129,なめらかプリンチョコ,138,https://www.family.co.jp/content/dam/family/goods/4820918.jpg,見た目もユニークな、プリン形のチョコレートです。カラメル味、カスタード味が組み合わさった、濃厚なプリンのような味わいです。センターにクリームが入ったなめらかなくちどけが特徴です。,1
130,うす焼せんべいあっさり塩味,108,https://www.family.co.jp/content/dam/family/goods/4823124.jpg,粗挽き仕込みでパリパリ食感のうす焼せんべいです。粒度の違う、天日結晶塩を使用しました。,3
131,ふんわり食べやすいソフトさきいか,311,https://www.family.co.jp/content/dam/family/goods/5011353.jpg,肉厚のいかを鉄板で焼き上げました。食べやすくふんわりと裂いた一品です。,3
132,天然えびをたっぷり使用リッチかっぱえびせん,108,https://www.family.co.jp/content/dam/family/goods/4823360.jpg,殻まで丸ごと使用した天然えびを使用した「かっぱえびせん」です。香ばしく濃厚なえびの風味が楽しめる一品です。,3
133,胡麻の風味が豊かな黒糖かりんとう,108,https://www.family.co.jp/content/dam/family/goods/4823063.jpg,サクッとした食感の生地に、釜炊き黒糖蜜を丁寧にかけたかりんとうです。胡麻の風味を感じられる一品です。,1
134,かわいいチョコビスケットのさくさくぱんだ,118,https://www.family.co.jp/content/dam/family/goods/4821069.jpg,サックサクのビスケットとミルクチョコレートです。かわいいパンダの顔のチョコビスケットです。,1
135,やわらか身厚の燻製さきいか,138,https://www.family.co.jp/content/dam/family/goods/5011384.jpg,肉厚のいかを桜チップで香り豊かにスモークしたさきいかです。食べやすくローラーでやわらかく、噛むほどに口に広がる香ばしいいかの旨みが楽しめる燻製さきいかです。,3
136,ごまの風味が香ばしいミニアスパラガス,108,https://www.family.co.jp/content/dam/family/goods/4821892.jpg,カルシウムと食物繊維を加えた、ごまの風味が香ばしいビスケットです。フラクトオリゴ糖、乳酸菌EC-12株100億個入りです。,3
137,風味豊かなカシューナッツ,348,https://www.family.co.jp/content/dam/family/goods/5020218.jpg,エキストラバージンオリーブオイルと宮古島産「雪塩®」で味付けしたカシューナッツです。インド産カシューナッツを使用しました。,3
138,サクッと軽く香ばしい麦チョコ,108,https://www.family.co.jp/content/dam/family/goods/4821120.jpg,サクッと軽い食感の小麦パフに、チョコをコーティングしました。チョコレートのカカオ感・くちどけ・麦の香ばしさがアップしました。,1
139,なめらかなチョコを味わうチョコビスケット,108,https://www.family.co.jp/content/dam/family/goods/4821137.jpg,サクッと軽い食感に焼き上げたビスケットにチョコをコーティングしました。,1
140,黒胡椒が香るビーフジャーキー,408,https://www.family.co.jp/content/dam/family/goods/5011360.jpg,牛もも肉を使用し、ほど良い食感と肉の旨みを感じるビーフジャーキーです。あらびき黒胡椒をかけ、牛肉のうまみを引き立てるスパイシーな味わいが特徴です。,2
141,ひとくちサイズのおにぎりせんべい,108,https://www.family.co.jp/content/dam/family/goods/4823100.jpg,うまみにこだわったしょうゆタレで味付けした、サクサク食感のおせんべいです。食べやすい一口サイズです。,3
142,２種のカカオをブレンドしたチョコフレーク,108,https://www.family.co.jp/content/dam/family/goods/4820956.jpg,日清シスコのロングセラーブランドである「チョコフレーク」です。ガーナ産とエクアドル産のカカオをブレンドしたチョコレートを使用しました。コーンフレークの香りとカカオのおいしさが楽しめるスナックチョコです。,1
143,素材の風味を活かした　炙りいかそうめん,138,https://www.family.co.jp/content/dam/family/goods/5011285.jpg,いかを乾燥させ旨みを凝縮し、いか本来の旨みを引き出すよう炙り焼きしました。食べやすいそうめんのような細切りカットです。,3
144,5種のナッツ&フルーツ,170,https://www.family.co.jp/content/dam/family/goods/4724377.jpg,ナッツとドライフルーツを彩りよくミックスした素材菓子です。素焼きのアーモンドとカシューナッツ、レーズン、クランベリー、パイナップルの5種アソートです。,3
145,ピリ辛醤油味焼きするめ,158,https://www.family.co.jp/content/dam/family/goods/5011018.jpg,するめをピリ辛の醤油ダレに漬け込みまるごと香ばしく焼き上げました。ひと手間かけて、食べやすくしたするめです。,2
146,コーンスナックコーンポタージュ味,108,https://www.family.co.jp/content/dam/family/goods/4823230.jpg,サクサクと軽い食感できめ細やかなパフのおいしいスナック菓子です。コク深い味わいの、大人気のコーンポタージュ味です。,3
147,カリッと香ばしいバタピー,138,https://www.family.co.jp/content/dam/family/goods/5020287.jpg,粒ぞろいの大粒伝統種ピーナッツを使用しました。カリッと香ばしく、上品な味わいです。味付けはバターオイルと焼き塩で味付けました。,3
148,2種の醤油で仕上げたあとひき柿ピー,138,https://www.family.co.jp/content/dam/family/goods/5023080.jpg,たまり醤油と濃口醤油でピリ辛に味付けた柿の種と、国内加工の香ばしいバタピーを合わせた豆菓子です。,3
149,国産米粉のサクッとピーナッツ揚げ,108,https://www.family.co.jp/content/dam/family/goods/4823179.jpg,良質な国産米粉を使った餅生地にローストピーナッツを練り込んだ香ばしさがあとを引く仕立てです。サクサク食感がやみつきになる、ピーナッツ入り揚げおかきです。,3
150,みりん醤油風味パリパリいかせん,108,https://www.family.co.jp/content/dam/family/goods/4823216.jpg,いかを練り込んだ生地をパリッと香ばしく焼き上げたいかせんべいです。オリジナルのみりん醤油と魚介系のタレで風味豊かに仕上げた商品です。一口サイズで食べやすい商品です。,3
151,ふんわりポップコーンあっさりしお味,108,https://www.family.co.jp/content/dam/family/goods/4824268.jpg,コーンの風味を活かした奥行きのある味わいポップコーンです。沖縄の塩シママースと瀬戸内産海塩の2種を使用しました。ふんわり軽い食感のあっさりしお味です。,3
152,塩と油を使ってないカリフォルニア産アーモンド,138,https://www.family.co.jp/content/dam/family/goods/4724209.jpg,塩と油不使用で素材本来のおいしさが楽しめる素材菓子です。カリフォルニア産アーモンドを使用しました。ノンフライロースト製法で香ばしく焙煎したアーモンドです。,3
153,しっとり食感のひとくちカステラ,108,https://www.family.co.jp/content/dam/family/goods/4820178.jpg,国産たまごを使用した、ひとくちサイズのカステラです。ひとくちサイズで食べやすくお子様のおやつやお茶の間のひとときにぴったりな商品です。カステラの形は様々なかわいい動物の顔の形です。,1
154,香ばしい焼貝ひも,138,https://www.family.co.jp/content/dam/family/goods/5011162.jpg,日本近海で獲れた国産のほたて貝ひもを、焙焼製法で香ばしくピリ辛に味付けました。噛めば噛むほど貝ひも独特の食感と深い味わいが楽しめます。,3
155,種ぬきはちみつ干し梅,158,https://www.family.co.jp/content/dam/family/goods/4724148.jpg,やわらかく、甘酸っぱい、はちみつ風味のまろやかな干し梅です。,2
156,サクッと香ばしい小さなチョコの木,108,https://www.family.co.jp/content/dam/family/goods/4820840.jpg,チョコがたっぷりかかった、さくさく食感のチョコスティックです。,1
157,ピリ辛が後を引く焼きかまぼこ,108,https://www.family.co.jp/content/dam/family/goods/4822998.jpg,唐辛子のピリ辛風味が後を引くおいしさのピリ辛焼かまぼこです。おつまみにもぴったりです。,2
158,カリッとローストピスタチオ,388,https://www.family.co.jp/content/dam/family/goods/5020355.jpg,カリフォルニア産ピスタチオを国内産藻塩で味付けしました。,3
159,桜チップで薫製したうずらたまご,250,https://www.family.co.jp/content/dam/family/goods/5014781.jpg,コク深い味わいの国産うずら玉子を甘辛く味付け、桜チップで薫製にしました。,3
160,まろやかミニバタークッキー,108,https://www.family.co.jp/content/dam/family/goods/4821991.jpg,香り豊かな、一口サイズのバタークッキーです。,1
161,ひとくちサイズの練乳はちみつドーナツ,108,https://www.family.co.jp/content/dam/family/goods/4825043.jpg,はちみつと練乳を加えて、しっとりふわふわに。食べやすい大きさです。,1
162,サクサクとろけるしみチョココーン,108,https://www.family.co.jp/content/dam/family/goods/4821021.jpg,星型のさくさくスナックにチョコをしみこませました。,1
163,サクッとした食感おつまみイカフライ,108,https://www.family.co.jp/content/dam/family/goods/4823049.jpg,イカの風味がたまらない、サクッとしたフライです。おつまみやおやつに最適です。,3